--This project database name is library_management_system.

-- Table structure for table `publisher`
create TABLE tbl_publisher(
publisher_publisherName varchar(250) PRIMARY KEY,
publisher_publisherAddress VARCHAR(250) NOT NULL ,
publisher_publisherphone varchar(50) NOT NULL
)
-- Table structure for table `book`
create table tbl_book(
book_BookID int not null GENERATED ALWAYS AS IDENTITY,
book_title varchar(250) not null,
book_publishername varchar(100) not null,
PRIMARY KEY(book_BookID),
 CONSTRAINT fk_publisher_name1 FOREIGN KEY(book_publishername) REFERENCES tbl_publisher(publisher_PublisherName) on update cascade on delete cascade
)
drop TABLE tbl_book

-- Table structure for table `branch`
create TABLE tbl_library_branch(
library_branch_BranchID int not null  GENERATED ALWAYS as identity,
library_branch_branchName varchar(100) not null,
library_branch_branchAddress varchar(200) not null,
primary key(library_branch_BranchID)
)

drop table tbl_library_branch

select * from tbl_library_branch

-- Table structure for table `borrower`
create table tbl_borrower(
borrower_cardNo int not null GENERATED by DEFAULT AS identity(start with 100 INCREMENT by 1),
borrower_BorrowerName varchar(100) not null,
borrower_BorrowerAddress varchar(100) not null,
borrower_BorrowerPhone varchar(50) not null,
primary key(borrower_cardNo))

drop table tbl_borrower

select * from tbl_borrower

-- Table structure for table `bookloan`
create table tbl_bookloan(
bookLoan_loansId int not null GENERATED by default as identity(start with 1 increment by 1),
bookLoan_bookId int not null ,
bookLoan_branchID int,
bookLoan_cardNo int not null,
bookLoan_Dateout varchar(50) not null,
bookLoan_DueDate varchar(50) not null,
constraint fk_book_id1 FOREIGN KEY(bookLoan_bookId) REFERENCES tbl_book(book_BookID) on update 	cascade on delete cascade,
constraint fk_branch_id1 foreign key(bookLoan_branchID) references tbl_library_branch(library_branch_BranchID) on update cascade on delete cascade,
constraint fk_cardNo foreign key(bookLoan_cardNo) references tbl_borrower(borrower_cardNo) on update cascade on delete cascade
)
drop table tbl_bookloan

select * from tbl_bookLoan

-- Table structure for table `bookcopies`
create table tbl_bookcopies(
bookcopies_copiesID int not null generated by default as identity(start with 1 increment by 1),
bookcopies_bookid int not null,
constraint fk_book_id2 foreign key(bookcopies_bookid) references tbl_book(book_BookID) on update cascade on delete cascade,
bookcopies_branchId int not null,
constraint fk_branch_id2 foreign key(bookcopies_branchId) references tbl_library_branch(library_branch_BranchID) on update cascade on delete cascade,
bookcopies_no_of_copies int not null,
primary key(bookcopies_copiesID)
)

drop table tbl_bookcopies

select * from tbl_bookcopies

-- Table structure for table `bookauthors`
create table tbl_bookAuthors(
bookAuthors_AuthorsId int not null generated by default as identity(start with 1 increment by 1),
bookAuthors_bookId int not null,
constraint fk_book_id3 foreign key(bookAuthors_bookId) references tbl_book(book_BookID) on update cascade on delete cascade,
bookAuthors_AuthorName varchar(50) not null,
primary key(bookAuthors_AuthorsId)
)
drop table tbl_bookAuthors
select * from tbl_bookAuthors

-- Insert data in table `publisher`
insert into tbl_publisher(publisher_publisherName,publisher_publisherAddress,publisher_publisherphone)
values
('DAW Books','375 Hudson Street, New York, NY 10014','212-366-2000'),
		('Viking','375 Hudson Street, New York, NY 10014','212-366-2000'),
		('Signet Books','375 Hudson Street, New York, NY 10014','212-366-2000'),
		('Chilton Books','Not Available','Not Available'),
		('George Allen & Unwin','83 Alexander Ln, Crows Nest NSW 2065, Australia','+61-2-8425-0100'),
		('Alfred A. Knopf','The Knopf Doubleday Group Domestic Rights, 1745 Broadway, New York, NY 10019','212-940-7390'),		
		('Bloomsbury','Bloomsbury Publishing Inc., 1385 Broadway, 5th Floor, New York, NY 10018','212-419-5300'),
		('Shinchosa','Oga Bldg. 8, 2-5-4 Sarugaku-cho, Chiyoda-ku, Tokyo 101-0064 Japan','+81-3-5577-6507'),
		('Harper and Row','HarperCollins Publishers, 195 Broadway, New York, NY 10007','212-207-7000'),
		('Pan Books','175 Fifth Avenue, New York, NY 10010','646-307-5745'),
		('Chalto & Windus','375 Hudson Street, New York, NY 10014','212-366-2000'),
		('Harcourt Brace Jovanovich','3 Park Ave, New York, NY 10016','212-420-5800'),
		('W.W. Norton',' W. W. Norton & Company, Inc., 500 Fifth Avenue, New York, New York 10110','212-354-5500'),
		('Scholastic','557 Broadway, New York, NY 10012','800-724-6527'),
		('Bantam','375 Hudson Street, New York, NY 10014','212-366-2000'),
		('Picador USA','175 Fifth Avenue, New York, NY 10010','646-307-5745')
		
select * from tbl_publisher

-- Insert data in table `book`
insert into tbl_book(book_title,book_publishername)
values
('The Name of the Wind', 'DAW Books'),
		('It', 'Viking'),
		('The Green Mile', 'Signet Books'),
		('Dune', 'Chilton Books'),
		('The Hobbit', 'George Allen & Unwin'),
		('Eragon', 'Alfred A. Knopf'),
		('A Wise Mans Fear', 'DAW Books'),
		('Harry Potter and the Philosophers Stone', 'Bloomsbury'),
		('Hard Boiled Wonderland and The End of the World', 'Shinchosa'),
		('The Giving Tree', 'Harper and Row'),
		('The Hitchhikers Guide to the Galaxy', 'Pan Books'),
		('Brave New World', 'Chalto & Windus'),
		('The Princess Bride', 'Harcourt Brace Jovanovich'),
		('Fight Club', 'W.W. Norton'),
		('Holes', 'Scholastic'),
		('Harry Potter and the Chamber of Secrets', 'Bloomsbury'),
		('Harry Potter and the Prisoner of Azkaban', 'Bloomsbury'),
		('The Fellowship of the Ring', 'George Allen & Unwin'),
		('A Game of Thrones', 'Bantam'),
		('The Lost Tribe', 'Picador USA');
		
select * from tbl_book

-- Insert data in table `branch`
insert into tbl_library_branch(library_branch_branchName,library_branch_branchAddress)
values
('Sharpstown','32 Corner Road, New York, NY 10012'),
		('Central','491 3rd Street, New York, NY 10014'),
		('Saline','40 State Street, Saline, MI 48176'),
		('Ann Arbor','101 South University, Ann Arbor, MI 48104');
		
select * from tbl_library_branch

-- Insert data in table `borrower`
insert into tbl_borrower(borrower_BorrowerName, borrower_BorrowerAddress, borrower_BorrowerPhone)
values
('Joe Smith','1321 4th Street, New York, NY 10014','212-312-1234'),
		('Jane Smith','1321 4th Street, New York, NY 10014','212-931-4124'),
		('Tom Li','981 Main Street, Ann Arbor, MI 48104','734-902-7455'),
		('Angela Thompson','2212 Green Avenue, Ann Arbor, MI 48104','313-591-2122'),
		('Harry Emnace','121 Park Drive, Ann Arbor, MI 48104','412-512-5522'),
		('Tom Haverford','23 75th Street, New York, NY 10014','212-631-3418'),
		('Haley Jackson','231 52nd Avenue New York, NY 10014','212-419-9935'),
		('Michael Horford','653 Glen Avenue, Ann Arbor, MI 48104','734-998-1513');

SELECT * from tbl_borrower

-- Insert data in table `bookloan`
insert into tbl_bookloan(bookLoan_bookId,bookLoan_branchID,bookLoan_cardNo,bookLoan_Dateout,bookLoan_DueDate)
VALUES
('1','1','100','1/1/18','2/2/18'),
		('2','1','100','1/1/18','2/2/18'),
		('3','1','100','1/1/18','2/2/18'),
		('4','1','100','1/1/18','2/2/18'),
		('5','1','102','1/3/18','2/3/18'),
		('6','1','102','1/3/18','2/3/18'),
		('7','1','102','1/3/18','2/3/18'),
		('8','1','102','1/3/18','2/3/18'),
		('9','1','102','1/3/18','2/3/18'),
		('11','1','102','1/3/18','2/3/18'),
		('12','2','105','12/12/17','1/12/18'),
		('10','2','105','12/12/17','1/12/17'),
		('20','2','105','2/3/18','3/3/18'),
		('18','2','105','1/5/18','2/5/18'),
		('19','2','105','1/5/18','2/5/18'),
		('19','2','100','1/3/18','2/3/18'),
		('11','2','106','1/7/18','2/7/18'),
		('1','2','106','1/7/18','2/7/18'),
		('2','2','100','1/7/18','2/7/18'),
		('3','2','100','1/7/18','2/7/18'),
		('5','2','105','12/12/17','1/12/18'),
		('4','3','103','1/9/18','2/9/18'),
		('7','3','102','1/3/18','2/3/18'),
		('17','3','102','1/3/18','2/3/18'),
		('16','3','104','1/3/18','2/3/18'),
		('15','3','104','1/3/18','2/3/18'),
		('15','3','107','1/3/18','2/3/18'),
		('14','3','104','1/3/18','2/3/18'),
		('13','3','107','1/3/18','2/3/18'),
		('13','3','102','1/3/18','2/3/18'),
		('19','3','102','12/12/17','1/12/18'),
		('20','4','103','1/3/18','2/3/18'),
		('1','4','102','1/12/18','2/12/18'),
		('3','4','107','1/3/18','2/3/18'),
		('18','4','107','1/3/18','2/3/18'),
		('12','4','102','1/4/18','2/4/18'),
		('11','4','103','1/15/18','2/15/18'),
		('9','4','103','1/15/18','2/15/18'),
		('7','4','107','1/1/18','2/2/18'),
		('4','4','103','1/1/18','2/2/18'),
		('1','4','103','2/2/17','3/2/18'),
		('20','4','103','1/3/18','2/3/18'),
		('1','4','102','1/12/18','2/12/18'),
		('3','4','107','1/13/18','2/13/18'),
		('18','4','107','1/13/18','2/13/18'),
		('12','4','102','1/14/18','2/14/18'),
		('11','4','103','1/15/18','2/15/18'),
		('9','4','103','1/15/18','2/15/18'),
		('7','4','107','1/19/18','2/19/18'),
		('4','4','103','1/19/18','2/19/18'),
		('1','4','103','1/22/18','2/22/18')

SELECT * from tbl_bookloan

-- Insert data in table `bookcopies`
insert into tbl_bookcopies(bookcopies_bookid,bookcopies_branchId,bookcopies_no_of_copies)
values
('1','1','5'),
		('2','1','5'),
		('3','1','5'),
		('4','1','5'),
		('5','1','5'),
		('6','1','5'),
		('7','1','5'),
		('8','1','5'),
		('9','1','5'),
		('10','1','5'),
		('11','1','5'),
		('12','1','5'),
		('13','1','5'),
		('14','1','5'),
		('15','1','5'),
		('16','1','5'),
		('17','1','5'),
		('18','1','5'),
		('19','1','5'),
		('20','1','5'),
		('1','2','5'),
		('2','2','5'),
		('3','2','5'),
		('4','2','5'),
		('5','2','5'),
		('6','2','5'),
		('7','2','5'),
		('8','2','5'),
		('9','2','5'),
		('10','2','5'),
		('11','2','5'),
		('12','2','5'),
		('13','2','5'),
		('14','2','5'),
		('15','2','5'),
		('16','2','5'),
		('17','2','5'),
		('18','2','5'),
		('19','2','5'),
		('20','2','5'),
		('1','3','5'),
		('2','3','5'),
		('3','3','5'),
		('4','3','5'),
		('5','3','5'),
		('6','3','5'),
		('7','3','5'),
		('8','3','5'),
		('9','3','5'),
		('10','3','5'),
		('11','3','5'),
		('12','3','5'),
		('13','3','5'),
		('14','3','5'),
		('15','3','5'),
		('16','3','5'),
		('17','3','5'),
		('18','3','5'),
		('19','3','5'),
		('20','3','5'),
		('1','4','5'),
		('2','4','5'),
		('3','4','5'),
		('4','4','5'),
		('5','4','5'),
		('6','4','5'),
		('7','4','5'),
		('8','4','5'),
		('9','4','5'),
		('10','4','5'),
		('11','4','5'),
		('12','4','5'),
		('13','4','5'),
		('14','4','5'),
		('15','4','5'),
		('16','4','5'),
		('17','4','5'),
		('18','4','5'),
		('19','4','5'),
		('20','4','5')
select * from tbl_bookcopies

-- Insert data in table `bookauthors`
insert into tbl_bookAuthors(bookAuthors_bookId,bookAuthors_AuthorName)
values
('1','Patrick Rothfuss'),
		('2','Stephen King'),
		('3','Stephen King'),
		('4','Frank Herbert'),
		('5','J.R.R. Tolkien'),
		('6','Christopher Paolini'),
		('6','Patrick Rothfuss'),
		('8','J.K. Rowling'),
		('9','Haruki Murakami'),
		('10','Shel Silverstein'),
		('11','Douglas Adams'),
		('12','Aldous Huxley'),
		('13','William Goldman'),
		('14','Chuck Palahniuk'),
		('15','Louis Sachar'),
		('16','J.K. Rowling'),
		('17','J.K. Rowling'),
		('18','J.R.R. Tolkien'),
		('19','George R.R. Martin'),
		('20','Mark Lee')

select * from tbl_bookAuthors

/* ................ STORED PROCEDURE QUERY QUESTIONS ................ */

/* 
1- How many copies of the book titled "The Lost Tribe" are owned by the library branch whose name is "Sharpstown"? */
select branch.library_branch_branchName as BranchName, book.book_title as books, copies.bookcopies_no_of_copies as No_of_copies
From tbl_bookcopies as copies
 inner join tbl_book as book on copies.bookcopies_bookid=book.book_bookid
 inner join tbl_library_branch as branch on branch.library_branch_branchid = copies.bookcopies_branchid
where book.book_title='The Lost Tribe'
GROUP by book.book_title

/* 
2- Retrieve the names of all borrowers who do not have any books checked out. */
select borrower_BorrowerName from tbl_borrower
where not exists
(select * from tbl_bookloan
where borrower_cardNo= bookLoan_cardNo )

/*
3- For each book that is loaned out from the "Sharpstown" branch and whose DueDate is today, retrieve the book title, the borrower's name, and the borrower's address.  */
select tbl_book.book_title as Book_title, tbl_borrower.borrower_BorrowerName as Borrower_Name, 
tbl_borrower.borrower_BorrowerAddress as Borrower_address,tbl_library_branch.library_branch_branchName as Branch_Name
From tbl_bookloan
inner join tbl_borrower on tbl_bookloan.bookLoan_cardNo =tbl_borrower.borrower_cardNo
inner join tbl_book on tbl_book.book_BookID = tbl_bookloan.bookLoan_bookId
inner join tbl_library_branch on tbl_bookloan.bookLoan_branchID=tbl_library_branch.library_branch_branchid
where tbl_library_branch.library_branch_branchName='Sharpstown' and bookLoan_DueDate='2/19/18'

/* 
4- For each library branch, retrieve the branch name and the total number of books loaned out from that branch.  */
select tbl_library_branch.library_branch_branchName as Branch_Name,count(tbl_bookloan.bookLoan_branchID) as Number_of_books
From tbl_bookloan
inner join tbl_library_branch on tbl_bookloan.bookLoan_branchID=tbl_library_branch.library_branch_branchid
Group by tbl_library_branch.library_branch_branchName
order by tbl_library_branch.library_branch_branchName

/*
5- Retrieve the names, addresses, and number of books checked out for all borrowers who have more than five books checked out. */
select tbl_borrower.borrower_borrowername as Name_,tbl_borrower.borrower_BorrowerAddress as Address, count(tbl_bookloan.bookLoan_loansId) as number_of_books
from tbl_bookloan
inner join tbl_borrower on tbl_bookloan.bookLoan_cardNo =tbl_borrower.borrower_cardNo
group by tbl_borrower.borrower_borrowername,tbl_borrower.borrower_BorrowerAddress
HAVING count(tbl_bookloan.bookLoan_loansId)> 5
order by count(tbl_bookloan.bookLoan_loansId) desc 